{
  "recall_at_1": 0.2983129109216066,
  "recall_at_5": 0.6426825723927173,
  "recall_at_10": 0.7918167179036746,
  "recall_at_20": 0.8514920291731884,
  "precision_at_1": 0.6666666666666666,
  "precision_at_5": 0.6311111111111111,
  "precision_at_10": 0.45999999999999996,
  "mrr": 0.6944444444444444,
  "ndcg_at_5": 0.6468785312063756,
  "ndcg_at_10": 0.6391494097625939,
  "map_score": 0.817329955979905,
  "query_type_accuracy": 0.7333333333333333,
  "language_detection_accuracy": 0.0,
  "mean_latency_ms": 395.0,
  "p50_latency_ms": 329.0,
  "p95_latency_ms": 646.3999999999999,
  "p99_latency_ms": 2038.4000000000033,
  "no_results_rate": 0.022222222222222223,
  "low_confidence_rate": 0.15555555555555556
}